{"cameraMode":{"drawMode":0,"name":"Shaded","section":"Shading Mode"},"sceneLighting":false,"audioPlay":false,"sceneViewState":{"m_AlwaysRefresh":false,"showFog":true,"showSkybox":true,"showFlares":true,"showImageEffects":true,"showParticleSystems":true,"showVisualEffectGraphs":true,"m_FxEnabled":true},"in2DMode":false,"pivot":{"x":-0.5715153813362122,"y":-1.1268513202667237,"z":1.5586791038513184},"rotation":{"x":0.390110582113266,"y":-0.012440052814781666,"z":0.005251891445368528,"w":0.9206234216690064},"size":3.866024971008301,"orthographic":false}