{"cameraMode":{"drawMode":0,"name":"Shaded","section":"Shading Mode"},"sceneLighting":false,"audioPlay":false,"sceneViewState":{"m_AlwaysRefresh":false,"showFog":true,"showSkybox":true,"showFlares":true,"showImageEffects":true,"showParticleSystems":true,"showVisualEffectGraphs":true,"m_FxEnabled":true},"in2DMode":false,"pivot":{"x":-1.810606598854065,"y":1.7372303009033204,"z":1.8165254592895508},"rotation":{"x":0.49327990412712099,"y":-0.07161242514848709,"z":0.04077676311135292,"w":0.8659250736236572},"size":4.807394981384277,"orthographic":false}