{"cameraMode":{"drawMode":0,"name":"Shaded","section":"Shading Mode"},"sceneLighting":false,"audioPlay":false,"sceneViewState":{"m_AlwaysRefresh":false,"showFog":true,"showSkybox":true,"showFlares":true,"showImageEffects":true,"showParticleSystems":true,"showVisualEffectGraphs":true,"m_FxEnabled":true},"in2DMode":false,"pivot":{"x":5001.3427734375,"y":6.598613739013672,"z":5.4643707275390629},"rotation":{"x":0.3979284465312958,"y":0.045370809733867648,"z":-0.019726412370800973,"w":0.9160367250442505},"size":30.793933868408204,"orthographic":false}