{"cameraMode":{"drawMode":0,"name":"Shaded","section":"Shading Mode"},"sceneLighting":false,"audioPlay":false,"sceneViewState":{"m_AlwaysRefresh":false,"showFog":true,"showSkybox":true,"showFlares":true,"showImageEffects":true,"showParticleSystems":true,"showVisualEffectGraphs":true,"m_FxEnabled":true},"in2DMode":false,"pivot":{"x":-1.6974868774414063,"y":-0.1593337059020996,"z":2.018050193786621},"rotation":{"x":0.35236120223999026,"y":-0.030885113403201104,"z":0.011614636518061161,"w":0.9352506995201111},"size":4.807394981384277,"orthographic":false}