{"cameraMode":{"drawMode":0,"name":"Shaded","section":"Shading Mode"},"sceneLighting":false,"audioPlay":false,"sceneViewState":{"m_AlwaysRefresh":false,"showFog":true,"showSkybox":true,"showFlares":true,"showImageEffects":true,"showParticleSystems":true,"showVisualEffectGraphs":true,"m_FxEnabled":true},"in2DMode":false,"pivot":{"x":-11.087207794189454,"y":0.6006615161895752,"z":2.4918723106384279},"rotation":{"x":0.33844611048698428,"y":0.01269201748073101,"z":-0.004586904775351286,"w":0.9408581852912903},"size":3.3073947429656984,"orthographic":false}